Model,Test R2 Score,CV RMSE
XGBoost,0.8345909715540918,1768.0405835536378
Random Forest,0.8296663982176102,1802.6870648545657
Default Random Forest,0.8079355362482428,
